{
    "income": {
        "low": [
            5000.0,
            21275.100401606425
        ],
        "medium": [
            21275.1677852349,
            25477.941176470587
        ],
        "high": [
            25477.941176470587,
            42500.0
        ]
    }
}